{
  "all-MiniLM-L6-v2": {
    "model_name": "all-MiniLM-L6-v2",
    "embedding_time": 2.7646865844726562,
    "avg_time_per_text": 0.09215621948242188,
    "embedding_dimension": 384,
    "sample_size": 30,
    "memory_usage_mb": 0.0439453125,
    "avg_similarity": 0.5396106839179993,
    "similarity_std": 0.13736295700073242,
    "clustering_score": 0.04660489037632942
  },
  "all-mpnet-base-v2": {
    "model_name": "all-mpnet-base-v2",
    "embedding_time": 28.931738138198853,
    "avg_time_per_text": 0.964391271273295,
    "embedding_dimension": 768,
    "sample_size": 30,
    "memory_usage_mb": 0.087890625,
    "avg_similarity": 0.5459361672401428,
    "similarity_std": 0.14646169543266296,
    "clustering_score": 0.003208050737157464
  },
  "codebert-base": {
    "model_name": "codebert-base",
    "embedding_time": 16.892735719680786,
    "avg_time_per_text": 0.5630911906560262,
    "embedding_dimension": 768,
    "sample_size": 30,
    "memory_usage_mb": 0.087890625,
    "avg_similarity": 0.9891921281814575,
    "similarity_std": 0.005521869752556086,
    "clustering_score": 0.05286448448896408
  },
  "cohere-embed-english-v3": {
    "model_name": "cohere-embed-english-v3",
    "embedding_time": 2.691009521484375,
    "avg_time_per_text": 0.0897003173828125,
    "embedding_dimension": 1024,
    "sample_size": 30,
    "memory_usage_mb": 0.234375,
    "avg_similarity": 0.6179724301997196,
    "similarity_std": 0.1266414251116522,
    "clustering_score": 0.034815915597623905
  },
  "cohere-embed-multilingual-v3": {
    "model_name": "cohere-embed-multilingual-v3",
    "embedding_time": 1.0214531421661377,
    "avg_time_per_text": 0.03404843807220459,
    "embedding_dimension": 1024,
    "sample_size": 30,
    "memory_usage_mb": 0.234375,
    "avg_similarity": 0.6894237956984748,
    "similarity_std": 0.10358759451005953,
    "clustering_score": 0.029140356129284194
  }
}